time,seconds_elapsed,z,y,x
1758013736807020000,0.05802001953125,-0.27517032623291016,-0.23591719567775726,-0.32612377405166626
1758013736817102000,0.06810205078125,-0.2545774281024933,-0.2778361439704895,-0.3941513001918793
1758013736827183900,0.078183837890625,-0.23108035326004028,-0.3216363489627838,-0.46961304545402527
1758013736837267000,0.088266845703125,-0.2072804868221283,-0.4179844558238983,-0.5312210321426392
1758013736847349000,0.098348876953125,-0.19449597597122192,-0.5021920204162598,-0.576287031173706
1758013736857431000,0.10843115234375,-0.1960347592830658,-0.5203321576118469,-0.5856168866157532
1758013736867513900,0.118513916015625,-0.21106989681720734,-0.5083196759223938,-0.5679145455360413
1758013736877596000,0.128595947265625,-0.24547314643859863,-0.5271431803703308,-0.5372908711433411
1758013736887679000,0.138678955078125,-0.3205825388431549,-0.5705958604812622,-0.49560868740081787
1758013736897760800,0.1487607421875,-0.41625288128852844,-0.588853120803833,-0.4760802686214447
1758013736907842800,0.1588427734375,-0.4960888624191284,-0.5824708938598633,-0.5111844539642334
1758013736917926000,0.16892578125,-0.5404297113418579,-0.5549620389938354,-0.5915756821632385
1758013736928008000,0.179008056640625,-0.5293919444084167,-0.5558310151100159,-0.687919557094574
1758013736938090800,0.1890908203125,-0.45624876022338867,-0.5359185338020325,-0.7738693356513977
1758013736948172800,0.1991728515625,-0.33766859769821167,-0.4710884392261505,-0.8500855565071106
1758013736958254800,0.2092548828125,-0.21290375292301178,-0.28062739968299866,-0.8767328858375549
1758013736968338000,0.219337890625,-0.08345654606819153,-0.034571558237075806,-0.8649930953979492
1758013736978420000,0.229419921875,0.034881286323070526,0.20849968492984772,-0.8307331204414368
1758013736988502000,0.239501953125,0.15469025075435638,0.33556920289993286,-0.7834407091140747
1758013736998585000,0.249585205078125,0.2499493807554245,0.38179290294647217,-0.7356929183006287
1758013737008667000,0.2596669921875,0.30950218439102173,0.37982988357543945,-0.7240058779716492
1758013737018750000,0.26975,0.3356246054172516,0.3619110584259033,-0.7184447050094604
1758013737028832000,0.27983203125,0.34181779623031616,0.35477620363235474,-0.6801923513412476
1758013737038914000,0.2899140625,0.337127685546875,0.35918107628822327,-0.5792175531387329
1758013737048996900,0.299996826171875,0.30246612429618835,0.3226395547389984,-0.40748387575149536
1758013737059079700,0.31007958984375,0.2750400900840759,0.2952393591403961,-0.23050537705421448
1758013737069161700,0.32016162109375,0.2774023115634918,0.36058109998703003,-0.09543570876121521
1758013737079244500,0.33024462890625,0.3023185729980469,0.4746200442314148,-0.01679735630750656
1758013737089326600,0.34032666015625,0.3353135585784912,0.6255938410758972,0.018384866416454315
1758013737099409700,0.35040966796875,0.3490552008152008,0.8174372911453247,0.052197691053152084
1758013737109491700,0.36049169921875,0.3486464023590088,0.9804866909980774,0.11136647313833237
1758013737119573500,0.370573486328125,0.3252912759780884,1.019461750984192,0.18387848138809204
1758013737129656600,0.380656494140625,0.27910009026527405,0.943461537361145,0.2422563135623932
1758013737139738600,0.390738525390625,0.20544929802417755,0.7650406956672668,0.25543496012687683
1758013737149820700,0.400820556640625,0.09917345643043518,0.5414182543754578,0.19084878265857697
1758013737159903700,0.41090380859375,-0.018683938309550285,0.34642931818962097,0.0867796391248703
1758013737169985800,0.42098583984375,-0.11632315069437027,0.23268809914588928,0.005028314422816038
1758013737180068600,0.431068603515625,-0.17044657468795776,0.1455737054347992,-0.08725740760564804
1758013737190150700,0.441150634765625,-0.22946514189243317,0.051353469491004944,-0.18085606396198273
1758013737200232700,0.451232666015625,-0.29491153359413147,-0.028505410999059677,-0.2564096748828888
1758013737210315800,0.461315673828125,-0.35764840245246887,-0.10526863485574722,-0.30373671650886536
1758013737220397800,0.471397705078125,-0.4031434655189514,-0.20000286400318146,-0.31941473484039307
1758013737230479600,0.481479736328125,-0.43387049436569214,-0.2582331597805023,-0.31826213002204895
1758013737240562700,0.491562744140625,-0.44968381524086,-0.2440539449453354,-0.28756067156791687
1758013737250644700,0.501644775390625,-0.46739035844802856,-0.18339087069034576,-0.21195167303085327
1758013737260727600,0.5117275390625,-0.4831184446811676,-0.11301044374704361,-0.10510511696338654
1758013737270809600,0.5218095703125,-0.5012713670730591,-0.015083079226315022,0.020322049036622047
1758013737280891600,0.5318916015625,-0.5177699327468872,0.07874701172113419,0.17037999629974365
1758013737290974700,0.541974609375,-0.5195717811584473,0.10933580994606018,0.32435357570648193
1758013737301056500,0.552056396484375,-0.5108587145805359,0.09832816570997238,0.45313018560409546
1758013737311138600,0.562138671875,-0.4971884787082672,0.09129369258880615,0.554328441619873
1758013737321221600,0.5722216796875,-0.4951777756214142,0.0859772264957428,0.6161819696426392
1758013737331303700,0.5823037109375,-0.5201166868209839,0.07091811299324036,0.5867269039154053
1758013737341386500,0.592386474609375,-0.5669651627540588,0.06429217010736465,0.520546019077301
1758013737351468500,0.602468505859375,-0.5991901755332947,0.022053902968764305,0.42712920904159546
1758013737361550600,0.612550537109375,-0.5994048714637756,-0.09630922228097916,0.2937280237674713
1758013737371633700,0.622633544921875,-0.5799981355667114,-0.31624478101730347,0.17246152460575104
1758013737381715700,0.6327158203125,-0.5548655986785889,-0.573672354221344,0.07848282158374786
1758013737391798800,0.642798828125,-0.5453192591667175,-0.7956382632255554,0.06741712242364883
1758013737401880800,0.652880859375,-0.5346758961677551,-0.9167236685752869,0.12906929850578308
1758013737411962600,0.662962646484375,-0.5272315740585327,-0.9482065439224243,0.23788952827453613
1758013737422045700,0.673045654296875,-0.5260294675827026,-0.9043210744857788,0.39917829632759094
1758013737432127700,0.683127685546875,-0.5367995500564575,-0.842367947101593,0.624258279800415
1758013737442209800,0.693209716796875,-0.5556962490081787,-0.8360264301300049,0.8701207637786865
1758013737452292600,0.703292724609375,-0.5903194546699524,-0.8597900867462158,1.0703580379486084
1758013737462374700,0.713374755859375,-0.6531200408935547,-0.8633472919464111,1.2138254642486572
1758013737472457700,0.723457763671875,-0.7404857873916626,-0.8910265564918518,1.29172682762146
1758013737482539800,0.733539794921875,-0.8617690801620483,-0.8554131984710693,1.3389735221862793
1758013737492621600,0.74362158203125,-1.0336124897003174,-0.7422871589660645,1.4061256647109985
1758013737502704600,0.75370458984375,-1.2334641218185425,-0.6098697185516357,1.5250381231307983
1758013737512786700,0.76378662109375,-1.459822654724121,-0.47642621397972107,1.6921709775924683
1758013737522868700,0.77386865234375,-1.6932772397994995,-0.3052904009819031,1.9514847993850708
1758013737532951600,0.78395166015625,-1.8804433345794678,-0.18605349957942963,2.285202741622925
1758013737543033600,0.79403369140625,-2.023181200027466,-0.07929934561252594,2.6424331665039062
1758013737553116700,0.80411669921875,-2.136092185974121,0.058832425624132156,2.9931650161743164
1758013737563198500,0.814198486328125,-2.2016239166259766,0.20690470933914185,3.295968532562256
1758013737573280500,0.824280517578125,-2.2138137817382812,0.35723641514778137,3.480196475982666
1758013737583363800,0.83436376953125,-2.205418586730957,0.44326716661453247,3.593128204345703
1758013737593445600,0.844445556640625,-2.163957357406616,0.42703813314437866,3.6461024284362793
1758013737603527400,0.85452734375,-2.1394121646881104,0.2697260081768036,3.607790946960449
1758013737613610800,0.86461083984375,-2.1413111686706543,-0.08292577415704727,3.5425450801849365
1758013737623692800,0.87469287109375,-2.1087565422058105,-0.6155430674552917,3.4204516410827637
1758013737633775600,0.884775634765625,-2.1330816745758057,-1.2928837537765503,3.1603879928588867
1758013737643857700,0.894857666015625,-2.1623587608337402,-2.0105130672454834,2.8603851795196533
1758013737653939700,0.904939697265625,-2.1213815212249756,-2.692864418029785,2.5662624835968018
1758013737664022800,0.915022705078125,-1.9961063861846924,-3.3008480072021484,2.2736995220184326
1758013737674104600,0.9251044921875,-1.767074704170227,-3.8427789211273193,2.0288965702056885
1758013737684186600,0.9351865234375,-1.5011788606643677,-4.30747127532959,1.7535881996154785
1758013737694269700,0.945269775390625,-1.281997561454773,-4.674008369445801,1.4256505966186523
1758013737704351700,0.955351806640625,-1.1782591342926025,-4.912446022033691,1.0171997547149658
1758013737714434600,0.9654345703125,-1.2344335317611694,-5.042520999908447,0.5938913226127625
1758013737724516600,0.9755166015625,-1.3977832794189453,-5.032168388366699,0.3423413634300232
1758013737734598700,0.9855986328125,-1.5339744091033936,-4.7405877113342285,0.40400606393814087
1758013737744681500,0.995681396484375,-1.7374305725097656,-4.213041305541992,0.6626810431480408
1758013737754763500,1.005763427734375,-1.8916864395141602,-3.6240408420562744,1.0167202949523926
1758013737764845600,1.015845458984375,-1.941094994544983,-3.171391725540161,1.242396354675293
1758013737774928600,1.0259287109375,-1.8174949884414673,-2.987744092941284,1.2610526084899902
1758013737785010700,1.0360107421875,-1.6050258874893188,-2.952183723449707,1.144517183303833
1758013737795093800,1.04609375,-1.3688030242919922,-2.9661262035369873,1.0770870447158813
1758013737805175600,1.056175537109375,-1.3262594938278198,-2.5366108417510986,1.614058017730713
1758013737815257600,1.066257568359375,-1.4841288328170776,-1.4621899127960205,2.576418399810791
1758013737825340700,1.076340576171875,-1.6992110013961792,-0.7277119755744934,3.1814310550689697
1758013737835422700,1.086422607421875,-1.9128679037094116,-0.3576577305793762,3.235398769378662
1758013737845504800,1.0965048828125,-1.9732342958450317,-0.10492748022079468,2.9610090255737305
1758013737855587800,1.106587890625,-1.770058512687683,0.03800863400101662,2.5298943519592285
1758013737865669600,1.116669677734375,-1.3367177248001099,0.13595597445964813,2.035137414932251
1758013737875752700,1.126752685546875,-0.7842625975608826,0.18075646460056305,1.6035020351409912
1758013737885834800,1.136834716796875,-0.26080894470214844,0.07914115488529205,1.3113064765930176
1758013737895916800,1.146916748046875,0.09307374805212021,-0.11031026393175125,1.1616625785827637
1758013737905999600,1.15699951171875,0.1966502070426941,-0.2929282784461975,1.1717623472213745
1758013737916081700,1.16708154296875,0.11795327067375183,-0.36059173941612244,1.3597769737243652
1758013737926164700,1.177164794921875,-0.04809669032692909,-0.29729026556015015,1.7020515203475952
1758013737936246500,1.18724658203125,-0.25464507937431335,-0.1866079568862915,2.071556806564331
1758013737946328600,1.19732861328125,-0.4193298816680908,-0.04900562763214111,2.3855066299438477
1758013737956411600,1.20741162109375,-0.5053249597549438,0.17547008395195007,2.6241323947906494
1758013737966493700,1.21749365234375,-0.5518703460693359,0.538179337978363,2.7810463905334473
1758013737976575500,1.227575439453125,-0.5614784955978394,0.9573691487312317,2.836503744125366
1758013737986658600,1.237658447265625,-0.5445594191551208,1.371372103691101,2.740220785140991
1758013737996740600,1.24774072265625,-0.4582541286945343,1.6361758708953857,2.5276684761047363
1758013738006823400,1.257823486328125,-0.2950572073459625,1.7302099466323853,2.169032573699951
1758013738016905500,1.267905517578125,-0.11769068241119385,1.756211757659912,1.679582953453064
1758013738026987500,1.277987548828125,0.046658847481012344,1.6515740156173706,1.255865216255188
1758013738037070800,1.28807080078125,0.16714611649513245,1.410733699798584,0.9301518797874451
1758013738047152600,1.298152587890625,0.22040081024169922,1.1881808042526245,0.6209918856620789
1758013738057234700,1.308234619140625,0.24170424044132233,1.0417042970657349,0.28124284744262695
1758013738067317000,1.31831689453125,0.28435182571411133,0.9627566933631897,0.08260433375835419
1758013738077399000,1.32839892578125,0.35028424859046936,1.036647915840149,-0.0032258869614452124
1758013738087481900,1.33848193359375,0.4083070755004883,0.900194525718689,-0.027544809505343437
1758013738097564000,1.34856396484375,0.4604126214981079,0.7731300592422485,-0.09637606889009476
1758013738107646000,1.35864599609375,0.5384003520011902,0.6309292316436768,-0.18880321085453033
1758013738117729000,1.36872900390625,0.6218342781066895,0.44345545768737793,-0.2758297026157379
1758013738127811000,1.37881103515625,0.6642200946807861,0.3801305592060089,-0.3656424283981323
1758013738137892900,1.388892822265625,0.6661074757575989,0.331336110830307,-0.4315599203109741
1758013738147976000,1.398975830078125,0.6139190793037415,0.2822492718696594,-0.47509515285491943
1758013738158058000,1.40905810546875,0.5546823740005493,0.2678048014640808,-0.45615261793136597
1758013738168140800,1.419140869140625,0.5767333507537842,0.2966276705265045,-0.42354246973991394
1758013738178222800,1.429222900390625,0.65863436460495,0.24308694899082184,-0.42170941829681396
1758013738188305000,1.439304931640625,0.6626711487770081,0.012763465754687786,-0.43793952465057373
1758013738198388200,1.44938818359375,0.5667286515235901,-0.2885247468948364,-0.44885554909706116
1758013738208470000,1.459469970703125,0.4358023405075073,-0.423829048871994,-0.4478912353515625
1758013738218551800,1.4695517578125,0.35344913601875305,-0.43365317583084106,-0.45076051354408264
1758013738228635100,1.47963525390625,0.3692275881767273,-0.39353105425834656,-0.4516092538833618
1758013738238717200,1.48971728515625,0.44570210576057434,-0.3730694651603699,-0.44279658794403076
1758013738248800000,1.499800048828125,0.5365340113639832,-0.4042649269104004,-0.43407049775123596
1758013738258882000,1.509882080078125,0.6015889048576355,-0.3988294005393982,-0.4177173376083374
1758013738268964000,1.519964111328125,0.6059929728507996,-0.31676116585731506,-0.392713725566864
1758013738279047000,1.530046875,0.5976359844207764,-0.1983458399772644,-0.38597726821899414
1758013738289129000,1.54012890625,0.6039916276931763,-0.08849604427814484,-0.3981305956840515
1758013738299211000,1.5502109375,0.6368198394775391,-0.03500805050134659,-0.415428102016449
1758013738309294000,1.560294189453125,0.6873437762260437,-0.05374365672469139,-0.4301300644874573
1758013738319376000,1.5703759765625,0.7669382095336914,-0.066703662276268,-0.43159613013267517
1758013738329459000,1.580458984375,0.8855071663856506,-0.002424275502562523,-0.4433633089065552
1758013738339541000,1.590541015625,1.0368951559066772,0.13113059103488922,-0.4650568962097168
1758013738349623000,1.600623046875,1.1684938669204712,0.24939465522766113,-0.4946720600128174
1758013738359705900,1.610705810546875,1.1992241144180298,0.22993147373199463,-0.5353204011917114
1758013738369788000,1.620787841796875,1.1507564783096313,0.15010693669319153,-0.5843766331672668
1758013738379870000,1.630869873046875,1.0946481227874756,0.0750872939825058,-0.6245695948600769
1758013738389953000,1.640953125,1.0495342016220093,-0.005077050067484379,-0.63890141248703
1758013738400034800,1.651034912109375,0.9900075197219849,-0.03959907591342926,-0.6359072327613831
1758013738410118100,1.6611181640625,0.9626014232635498,0.054731421172618866,-0.6430279612541199
1758013738420200200,1.6712001953125,0.997915506362915,0.21364650130271912,-0.6780426502227783
1758013738430282000,1.681281982421875,1.1005760431289673,0.32046881318092346,-0.7237480878829956
1758013738440365000,1.691364990234375,1.2303638458251953,0.31690576672554016,-0.804333508014679
1758013738450447000,1.701447021484375,1.312401294708252,0.21209894120693207,-0.8907709121704102
1758013738460529200,1.711529052734375,1.3663119077682495,0.050875697284936905,-0.9242098331451416
1758013738470612000,1.721612060546875,1.4228752851486206,-0.10798478871583939,-0.9383592009544373
1758013738480694000,1.731694091796875,1.4665764570236206,-0.1326102465391159,-0.9642605781555176
1758013738490777000,1.741777099609375,1.489051103591919,-0.06205271929502487,-0.9863166213035583
1758013738500859100,1.751859130859375,1.4619766473770142,0.003485811408609152,-0.9717198014259338
1758013738510941000,1.76194091796875,1.3738718032836914,0.04826127365231514,-0.9232574701309204
1758013738521024000,1.77202392578125,1.2274037599563599,0.08056488633155823,-0.8740848898887634
1758013738531106000,1.78210595703125,1.0378540754318237,0.08509331941604614,-0.8404531478881836
1758013738541188000,1.79218798828125,0.8032519817352295,0.1147335097193718,-0.816137433052063
1758013738551271000,1.80227099609375,0.5147879719734192,0.16867104172706604,-0.7838852405548096
1758013738561353000,1.81235302734375,0.22992748022079468,0.15020468831062317,-0.7359467148780823
1758013738571436000,1.82243603515625,0.03280934691429138,-0.030544860288500786,-0.6566880941390991
1758013738581517800,1.832517822265625,-0.08840683102607727,-0.3207188844680786,-0.5733487606048584
1758013738591599900,1.842599853515625,-0.19878047704696655,-0.5338218212127686,-0.4971546530723572
1758013738601683000,1.852682861328125,-0.2966811954975128,-0.5744867324829102,-0.4340031147003174
1758013738611765000,1.862764892578125,-0.39762353897094727,-0.5508543848991394,-0.3613978922367096
1758013738621847000,1.872846923828125,-0.5008617639541626,-0.49071004986763,-0.292484849691391
1758013738631929900,1.882929931640625,-0.552313506603241,-0.3561096489429474,-0.2154281586408615
1758013738642012000,1.893011962890625,-0.5252128839492798,-0.14361362159252167,-0.14202319085597992
1758013738652095000,1.903094970703125,-0.45195895433425903,0.12699203193187714,-0.08399397134780884
1758013738662177000,1.913177001953125,-0.3713216185569763,0.35701245069503784,-0.033789120614528656
1758013738672259000,1.923259033203125,-0.32293251156806946,0.48456642031669617,0.002070873975753784
1758013738682342100,1.933342041015625,-0.2929336130619049,0.5078341960906982,0.03178376331925392
1758013738692424000,1.943423828125,-0.2726762592792511,0.4240064024925232,0.06906082481145859
1758013738702506000,1.953506103515625,-0.2595950961112976,0.3346285820007324,0.10651419311761856
1758013738712589000,1.963589111328125,-0.27407896518707275,0.27632853388786316,0.11344054341316223
1758013738722671000,1.973671142578125,-0.34414032101631165,0.20965522527694702,0.1241573691368103
1758013738732754000,1.98375390625,-0.4458554983139038,0.1905481070280075,0.14963848888874054
1758013738742836000,1.9938359375,-0.5289983153343201,0.18216368556022644,0.16168157756328583
1758013738752918000,2.00391796875,-0.5765522718429565,0.10748997330665588,0.15549691021442413
1758013738763001000,2.0140009765625,-0.5974138975143433,-0.019775569438934326,0.15659093856811523
1758013738773083000,2.024082763671875,-0.6291481256484985,-0.16312021017074585,0.16708725690841675
1758013738783165000,2.0341650390625,-0.6572481989860535,-0.25498807430267334,0.19760814309120178
1758013738793248000,2.044248046875,-0.6847759485244751,-0.30475538969039917,0.23275229334831238
1758013738803330000,2.054330078125,-0.6997280120849609,-0.3063948154449463,0.25601792335510254
1758013738813412900,2.064412841796875,-0.6937564015388489,-0.257327675819397,0.2623741030693054
1758013738823495000,2.074494873046875,-0.6705650687217712,-0.16925427317619324,0.2595077455043793
1758013738833577000,2.084576904296875,-0.641522228717804,-0.07593577355146408,0.2626502513885498
1758013738843659800,2.09465966796875,-0.6248859763145447,-0.00032863407977856696,0.29061824083328247
1758013738853741800,2.104741943359375,-0.6264806985855103,0.050387006253004074,0.3141174614429474
1758013738863824000,2.114823974609375,-0.6480131149291992,0.09907811135053635,0.32250508666038513
1758013738873907200,2.1249072265625,-0.6750330328941345,0.11827178299427032,0.3250281512737274
1758013738883989000,2.134989013671875,-0.6902801394462585,0.09706956148147583,0.32843539118766785
1758013738894072000,2.145072021484375,-0.6846438646316528,0.08379050344228745,0.33531486988067627
1758013738904154000,2.155154052734375,-0.6570537686347961,0.11640969663858414,0.34016770124435425
1758013738914236200,2.165236083984375,-0.5977097749710083,0.18372508883476257,0.3333662450313568
1758013738924319000,2.175319091796875,-0.538572371006012,0.24253301322460175,0.3206304907798767
1758013738934401000,2.185401123046875,-0.49432769417762756,0.27629682421684265,0.3001614212989807
1758013738944483000,2.195483154296875,-0.4633364975452423,0.28475210070610046,0.28579580783843994
1758013738954566000,2.20556591796875,-0.44913387298583984,0.2339499145746231,0.26776912808418274
1758013738964648000,2.21564794921875,-0.4399041533470154,0.1572471410036087,0.24494503438472748
1758013738974731000,2.22573095703125,-0.44264960289001465,0.13612747192382812,0.22973786294460297
1758013738984813000,2.23581298828125,-0.44556042551994324,0.17562907934188843,0.2295391857624054
1758013738994895000,2.24589501953125,-0.4338904619216919,0.23394405841827393,0.23535020649433136
1758013739004978000,2.25597802734375,-0.4016944468021393,0.2784111201763153,0.24647022783756256
1758013739015060000,2.26606005859375,-0.36926963925361633,0.3143613934516907,0.264014333486557
1758013739025142800,2.276142822265625,-0.3564457297325134,0.3738667964935303,0.2954961061477661
1758013739035224800,2.286224853515625,-0.37236398458480835,0.4362652003765106,0.3188512325286865
1758013739045307000,2.296306884765625,-0.4333210587501526,0.4838431179523468,0.34567004442214966
1758013739055390000,2.306389892578125,-0.5462747812271118,0.489214152097702,0.37420955300331116
1758013739065472800,2.31647265625,-0.6937321424484253,0.4816896617412567,0.39452147483825684
1758013739075554800,2.326554931640625,-0.7885377407073975,0.4398428797721863,0.4118972718715668
1758013739085638000,2.336637939453125,-0.7977269887924194,0.3924793601036072,0.42464742064476013
1758013739095720000,2.346719970703125,-0.762347936630249,0.37562742829322815,0.4383259415626526
1758013739105802800,2.356802734375,-0.7174273729324341,0.31548231840133667,0.4447007477283478
1758013739115884800,2.366884765625,-0.6268439292907715,0.2053462266921997,0.41342538595199585
1758013739125966800,2.376966796875,-0.5014178156852722,0.06138532981276512,0.3807857036590576
1758013739136049700,2.387049560546875,-0.44247594475746155,0.05004159361124039,0.3424617350101471
1758013739146131700,2.397131591796875,-0.44825395941734314,0.12727326154708862,0.3243197500705719
1758013739156214800,2.40721484375,-0.4860231578350067,0.18705271184444427,0.33404508233070374
1758013739166296800,2.417296875,-0.4993743896484375,0.19723211228847504,0.3534581959247589
1758013739176378600,2.427378662109375,-0.4404895007610321,0.16827769577503204,0.3607848286628723
1758013739186461700,2.437461669921875,-0.30006447434425354,0.15605218708515167,0.33913731575012207
1758013739196543700,2.447543701171875,-0.13579565286636353,0.2202194482088089,0.277427613735199
1758013739206625800,2.457625732421875,0.0005507417372427881,0.35687291622161865,0.22185170650482178
1758013739216708600,2.46770849609375,0.050641871988773346,0.45262500643730164,0.1983429193496704
1758013739226790700,2.477790771484375,0.04717576876282692,0.5497129559516907,0.21547876298427582
1758013739236873700,2.487873779296875,0.058934424072504044,0.8286593556404114,0.2460201531648636
1758013739246955500,2.49795556640625,0.05373886227607727,1.3162188529968262,0.24468085169792175
1758013739257037600,2.50803759765625,0.0835161954164505,1.843654751777649,0.25961798429489136
1758013739267121000,2.518120849609375,0.17481867969036102,2.060415744781494,0.32505106925964355
1758013739277203000,2.528202880859375,0.27280116081237793,2.138052463531494,0.42463624477386475
1758013739287284700,2.53828466796875,0.3480919301509857,2.0264692306518555,0.484391450881958
1758013739297367800,2.548367919921875,0.4414786100387573,2.0862181186676025,0.48850151896476746
1758013739307449900,2.558449951171875,0.48123666644096375,2.19108247756958,0.44705232977867126
1758013739317532700,2.56853271484375,0.48541170358657837,2.1865477561950684,0.4203333556652069
1758013739327614700,2.57861474609375,0.3988102376461029,1.943611741065979,0.4067733585834503
1758013739337696800,2.58869677734375,0.26491662859916687,1.5960603952407837,0.3742787837982178
1758013739347779800,2.59877978515625,0.14871864020824432,1.0421780347824097,0.35074949264526367
1758013739357861600,2.608861572265625,0.044985316693782806,0.4091659486293793,0.37395229935646057
1758013739367944700,2.61894482421875,-0.04490462318062782,0.13735359907150269,0.3511532247066498
1758013739378026800,2.62902685546875,-0.13087067008018494,0.22581075131893158,0.30109646916389465
1758013739388108800,2.63910888671875,-0.1748647540807724,0.40266647934913635,0.2727809250354767
1758013739398191600,2.649191650390625,-0.15779443085193634,0.43096843361854553,0.26077860593795776
1758013739408273700,2.659273681640625,-0.10507155954837799,0.24194419384002686,0.27486351132392883
1758013739418355700,2.669355712890625,-0.050339870154857635,-0.03244901821017265,0.2847878038883209
1758013739428438800,2.679438720703125,-0.016470320522785187,-0.2717217803001404,0.2884632349014282
1758013739438520600,2.6895205078125,-0.005858155433088541,-0.39964112639427185,0.27546247839927673
1758013739448603600,2.699603759765625,0.008884038776159286,-0.4115542471408844,0.25202345848083496
1758013739458685700,2.709685791015625,0.010645453818142414,-0.3178431987762451,0.20795106887817383
1758013739468767700,2.719767822265625,0.010912569239735603,-0.1614653319120407,0.15576456487178802
1758013739478850800,2.729850830078125,0.02671363577246666,0.030840205028653145,0.10825376957654953
1758013739488932900,2.739932861328125,0.06916043162345886,0.20303061604499817,0.05874427407979965
1758013739499015000,2.750014892578125,0.11523125320672989,0.306304007768631,0.009037436917424202
1758013739509097700,2.76009765625,0.15102626383304596,0.37477147579193115,-0.03365569934248924
1758013739519179800,2.7701796875,0.14744670689105988,0.4085153341293335,-0.052377987653017044
1758013739529262800,2.780262939453125,0.10341507196426392,0.46125710010528564,-0.045346442610025406
1758013739539345000,2.790344970703125,0.033782996237277985,0.49422064423561096,-0.05879806727170944
1758013739549426700,2.8004267578125,-0.06554385274648666,0.4320957660675049,-0.07108775526285172
1758013739559509800,2.810509765625,-0.16474021971225739,0.3717746138572693,-0.06091102212667465
1758013739569591800,2.820591796875,-0.2011038213968277,0.3700840473175049,-0.04098205268383026
1758013739579674600,2.830674560546875,-0.1923244446516037,0.3951995074748993,-0.030795462429523468
1758013739589756700,2.840756591796875,-0.17381493747234344,0.3762175738811493,-0.01979580894112587
1758013739599838700,2.850838623046875,-0.15615472197532654,0.33500516414642334,-0.004298874642699957
1758013739609921800,2.860921875,-0.13063311576843262,0.32359299063682556,0.005059473216533661
1758013739620003600,2.871003662109375,-0.08441182225942612,0.28560325503349304,0.005488774739205837
1758013739630085600,2.881085693359375,-0.04740719497203827,0.20506154000759125,0.0015036207623779774
1758013739640168700,2.891168701171875,-0.03852368891239166,0.09767808765172958,0.0008689894457347691
1758013739650250800,2.901250732421875,-0.05372820794582367,0.010581005364656448,-0.007543137297034264
1758013739660333600,2.91133349609375,-0.06772258877754211,-0.057547714561223984,-0.013467072509229183
1758013739670415600,2.92141552734375,-0.08399689942598343,-0.09912312030792236,-0.014327007345855236
1758013739680497700,2.93149755859375,-0.08572608977556229,-0.10016708076000214,-0.009125587530434132
1758013739690580700,2.941580810546875,-0.06793324649333954,-0.08392845839262009,-0.01306094042956829
1758013739700662800,2.951662841796875,-0.035228561609983444,-0.06349455565214157,-0.009325590915977955
1758013739710744800,2.961744873046875,0.007796670310199261,-0.04863651096820831,-0.004769987892359495
1758013739720828000,2.971827880859375,0.04127154126763344,-0.0928812026977539,0.01625780016183853
1758013739730910000,2.981909912109375,0.05824679508805275,-0.11683207750320435,0.0285315103828907
1758013739740992800,2.99199267578125,0.07140494138002396,-0.1169615089893341,0.027709923684597015
1758013739751074800,3.00207470703125,0.05877543240785599,-0.12534619867801666,0.025976739823818207
1758013739761156900,3.012156982421875,0.03368925303220749,-0.17886295914649963,0.030058300122618675
1758013739771239700,3.02223974609375,0.007497863844037056,-0.21374396979808807,0.05330556631088257
1758013739781321700,3.03232177734375,0.0011768508702516556,-0.20136134326457977,0.08692557364702225
1758013739791404800,3.04240478515625,0.0027244137600064278,-0.20774973928928375,0.09757635742425919
1758013739801486800,3.05248681640625,0.012094479985535145,-0.2610776722431183,0.10344037413597107
1758013739811568600,3.062568603515625,0.0007952199084684253,-0.3435690701007843,0.12214428186416626
1758013739821651700,3.072651611328125,-0.033542245626449585,-0.41948169469833374,0.12773026525974274
1758013739831733800,3.082733642578125,-0.08962894976139069,-0.5127248167991638,0.120332270860672
1758013739841815800,3.09281591796875,-0.15595898032188416,-0.6781044602394104,0.09778568148612976
1758013739851898600,3.102898681640625,-0.23318132758140564,-0.9347642064094543,0.05390690639615059
1758013739861980700,3.112980712890625,-0.2919633984565735,-1.240383267402649,-0.04406173527240753
1758013739872063700,3.123063720703125,-0.2978799045085907,-1.3958830833435059,-0.2156507968902588
1758013739882145500,3.1331455078125,-0.20520135760307312,-1.169851541519165,-0.43144887685775757
1758013739892227600,3.1432275390625,-0.08429703861474991,-0.5388309955596924,-0.6393821239471436
1758013739902311000,3.153310791015625,-0.10092315077781677,-0.11265570670366287,-0.7930464744567871
1758013739912393000,3.16339306640625,-0.1794413924217224,-0.003608050523325801,-0.9076561331748962
1758013739922474500,3.173474609375,-0.27835652232170105,-0.13090288639068604,-1.0229377746582031
1758013739932557800,3.183557861328125,-0.3111914396286011,-0.2034604400396347,-1.2180452346801758
1758013739942639900,3.193639892578125,-0.19729523360729218,-0.18827617168426514,-1.5109007358551025
1758013739952722700,3.20372265625,0.04092053323984146,-0.20652468502521515,-1.8678897619247437
1758013739962804700,3.2138046875,0.27979275584220886,-0.1830712854862213,-2.3386495113372803
1758013739972886800,3.22388671875,0.41269463300704956,-0.07272586971521378,-2.8323802947998047
1758013739982969900,3.233969970703125,0.5567527413368225,-0.12159034609794617,-3.23429012298584
1758013739993051600,3.2440517578125,0.7223081588745117,-0.17775560915470123,-3.5875394344329834
1758013740003134700,3.254134765625,0.8676860928535461,-0.18311363458633423,-3.922344207763672
1758013740013216800,3.264216796875,0.9804273247718811,-0.07998617738485336,-4.2675371170043945
1758013740023298800,3.274298828125,1.1113922595977783,0.1163250133395195,-4.617839336395264
1758013740033381600,3.284381591796875,1.2828444242477417,0.1909603625535965,-4.95971155166626
1758013740043463700,3.294463623046875,1.50772225856781,0.06407032907009125,-5.27831506729126
1758013740053545700,3.304545654296875,1.8038002252578735,-0.24437858164310455,-5.532293319702148
1758013740063628000,3.3146279296875,2.0672662258148193,-0.7372655272483826,-5.776701927185059
1758013740073710000,3.3247099609375,2.2485430240631104,-1.1313151121139526,-5.989335060119629
1758013740083793000,3.33479296875,2.3910038471221924,-1.4499205350875854,-6.165514945983887
1758013740093875000,3.344875,2.578936815261841,-1.7873435020446777,-6.325230121612549
1758013740103957000,3.35495703125,2.8527495861053467,-1.9304322004318237,-6.47646951675415
1758013740114039800,3.365039794921875,3.142901659011841,-1.661643624305725,-6.543496608734131
1758013740124121900,3.375121826171875,3.2512311935424805,-1.4363175630569458,-6.478192329406738
1758013740134205000,3.385204833984375,3.1989123821258545,-1.4287505149841309,-6.265966415405273
1758013740144287000,3.395286865234375,3.0537402629852295,-1.7816952466964722,-5.865541934967041
1758013740154368800,3.40536865234375,2.9033782482147217,-2.289461612701416,-5.201314449310303
1758013740164451800,3.415451904296875,2.755668878555298,-2.5456173419952393,-4.337197780609131
1758013740174534000,3.425533935546875,2.560084819793701,-2.3354549407958984,-3.425913095474243
1758013740184616000,3.435615966796875,2.262007713317871,-1.9085283279418945,-2.533470869064331
1758013740194698800,3.44569873046875,1.946554183959961,-1.1332602500915527,-1.6634056568145752
1758013740204780800,3.45578076171875,1.6956335306167603,-0.021379590034484863,-0.9113630056381226
1758013740214864000,3.46586376953125,1.5338250398635864,0.9781122207641602,-0.3486517369747162
1758013740224945700,3.475945556640625,1.4331436157226562,1.6417975425720215,0.07547850906848907
1758013740235027700,3.48602783203125,1.3864152431488037,2.003424882888794,0.40222465991973877
1758013740245110800,3.49611083984375,1.3932825326919556,2.1984469890594482,0.6015132665634155
1758013740255192800,3.50619287109375,1.4270730018615723,2.3420751094818115,0.685752272605896
1758013740265275000,3.51627490234375,1.4623914957046509,2.393256902694702,0.6864356398582458
1758013740275358000,3.52635791015625,1.4734753370285034,2.2411930561065674,0.6342757344245911
1758013740285440000,3.53643994140625,1.4549403190612793,1.9902074337005615,0.5375758409500122
1758013740295522800,3.546522705078125,1.4314746856689453,1.7416623830795288,0.4387515187263489
1758013740305604900,3.55660498046875,1.4206494092941284,1.5524321794509888,0.33155557513237
1758013740315687000,3.56668701171875,1.4304828643798828,1.493753433227539,0.21648862957954407
1758013740325770000,3.57677001953125,1.438836693763733,1.5784577131271362,0.09061405807733536
1758013740335852000,3.58685205078125,1.436079502105713,1.7158446311950684,-0.012556271627545357
1758013740345934800,3.596934814453125,1.4409691095352173,1.7952797412872314,-0.08122667670249939
1758013740356017000,3.607016845703125,1.4345513582229614,1.8042553663253784,-0.11072571575641632
1758013740366099000,3.617098876953125,1.4052480459213257,1.8291990756988525,-0.08646165579557419
1758013740376181800,3.627181640625,1.3453978300094604,1.8470715284347534,-0.02142300084233284
1758013740386263800,3.637263916015625,1.272660255432129,1.885199785232544,0.05411037430167198
1758013740396345900,3.647345947265625,1.204728364944458,1.9869674444198608,0.14923235774040222
1758013740406429000,3.657428955078125,1.1518592834472656,2.116684913635254,0.2852197587490082
1758013740416510700,3.6675107421875,1.1042277812957764,2.207886219024658,0.4574272036552429
1758013740426593800,3.67759375,1.0379137992858887,2.2416577339172363,0.6352773904800415
1758013740436675800,3.68767578125,0.9575680494308472,2.18654465675354,0.775937557220459
1758013740446758000,3.6977578125,0.8753610849380493,2.0758326053619385,0.8434612154960632
1758013740456840700,3.7078408203125,0.8077681660652161,1.9275459051132202,0.8495518565177917
1758013740466922800,3.7179228515625,0.7891073822975159,1.7084271907806396,0.8112529516220093
1758013740477004800,3.7280048828125,0.8041686415672302,1.3541302680969238,0.7323815226554871
1758013740487087900,3.738087890625,0.830478310585022,0.9044526219367981,0.5942654609680176
1758013740497170000,3.748169921875,0.8773917555809021,0.4765990376472473,0.39147642254829407
1758013740507253000,3.7582529296875,0.946518063545227,0.1325465887784958,0.15034396946430206
1758013740517335000,3.7683349609375,1.0207816362380981,-0.08673276752233505,-0.08889897912740707
1758013740527416800,3.778416748046875,1.079085111618042,-0.1772613376379013,-0.27947959303855896
1758013740537500000,3.7885,1.102527141571045,-0.2027754783630371,-0.3928855061531067
1758013740547582000,3.79858203125,1.0979068279266357,-0.21330375969409943,-0.418751984834671
1758013740557664000,3.8086640625,1.079054594039917,-0.2243683934211731,-0.3560185730457306
1758013740567746800,3.818746826171875,1.022286295890808,-0.18358661234378815,-0.2121705859899521
1758013740577828900,3.828828857421875,0.9435507655143738,-0.08065330237150192,-0.015668442472815514
1758013740587912000,3.838911865234375,0.8502719402313232,0.09842031449079514,0.2079785019159317
1758013740597993700,3.84899365234375,0.7576083540916443,0.3375796377658844,0.4335373342037201
1758013740608075800,3.85907568359375,0.675373375415802,0.5590142607688904,0.6045050621032715
1758013740618158800,3.869158935546875,0.6083637475967407,0.7166326642036438,0.701065719127655
1758013740628241000,3.879240966796875,0.559643030166626,0.8082659244537354,0.7102011442184448
1758013740638323700,3.88932373046875,0.5064070224761963,0.8324397206306458,0.6626999378204346
1758013740648405800,3.89940576171875,0.44906726479530334,0.8150023818016052,0.582121729850769
1758013740658487800,3.90948779296875,0.38168132305145264,0.7472513318061829,0.5107958912849426
1758013740668571000,3.91957080078125,0.32083049416542053,0.6538822054862976,0.4500478506088257
1758013740678652700,3.929652587890625,0.2691473066806793,0.5377761125564575,0.4003024101257324
1758013740688734700,3.939734619140625,0.21211625635623932,0.3942546248435974,0.3278902471065521
1758013740698818000,3.949818115234375,0.15850947797298431,0.22416119277477264,0.22871626913547516
1758013740708900000,3.959900146484375,0.10586971044540405,0.06714441627264023,0.12155252695083618
1758013740718983000,3.96998291015625,0.0754779800772667,-0.06572841107845306,0.026868898421525955
1758013740729065000,3.98006494140625,0.06712870299816132,-0.15569639205932617,-0.034033600240945816
1758013740739147000,3.99014697265625,0.06699208170175552,-0.1883683055639267,-0.039137549698352814
1758013740749229800,4.000229736328125,0.051059190183877945,-0.18046697974205017,0.010498180985450745
1758013740759312000,4.010311767578125,0.01834198832511902,-0.1671365201473236,0.09399786591529846
1758013740769394000,4.020393798828125,-0.024465661495923996,-0.15357491374015808,0.182608962059021
1758013740779477000,4.03047705078125,-0.07431390881538391,-0.1361626386642456,0.25846830010414124
1758013740789558800,4.040558837890625,-0.1087896004319191,-0.11896900087594986,0.30134865641593933
1758013740799641900,4.050641845703125,-0.12176904827356339,-0.1129143014550209,0.31824055314064026
1758013740809724000,4.060723876953125,-0.11041172593832016,-0.12067847698926926,0.3230781853199005
1758013740819806000,4.070805908203125,-0.08468346297740936,-0.137256920337677,0.31806400418281555
1758013740829888800,4.080888671875,-0.054123688489198685,-0.14687493443489075,0.30369651317596436
1758013740839970800,4.090970703125,-0.03407541289925575,-0.14354385435581207,0.2837558090686798
1758013740850052900,4.101052978515625,-0.04313681647181511,-0.14462216198444366,0.2459639608860016
1758013740860135700,4.1111357421875,-0.07337674498558044,-0.16766463220119476,0.19339077174663544
1758013740870217700,4.1212177734375,-0.11031772196292877,-0.2060903161764145,0.12610626220703125
1758013740880300800,4.13130078125,-0.13156042993068695,-0.26424843072891235,0.06932554394006729
1758013740890382800,4.1413828125,-0.13999225199222565,-0.350090891122818,0.026822293177247047
1758013740900465000,4.15146484375,-0.14034885168075562,-0.44103625416755676,0.004073305055499077
1758013740910548000,4.1615478515625,-0.1433582305908203,-0.49617674946784973,0.005650429055094719
1758013740920630000,4.171630126953125,-0.13314127922058105,-0.5275940299034119,0.014627145603299141
1758013740930712000,4.181712158203125,-0.11044368892908096,-0.5361472964286804,0.02618206851184368
1758013740940795000,4.191794921875,-0.08963347971439362,-0.5369324088096619,0.01230353768914938
1758013740950877000,4.201876953125,-0.07807136327028275,-0.5092395544052124,-0.022893331944942474
1758013740960960000,4.2119599609375,-0.07344412058591843,-0.4438818395137787,-0.061760302633047104
1758013740971041800,4.222041748046875,-0.06924165785312653,-0.34204283356666565,-0.09237466752529144
1758013740981123800,4.232123779296875,-0.0639566108584404,-0.22227221727371216,-0.11380060017108917
1758013740991207000,4.24220703125,-0.05100725591182709,-0.10765589028596878,-0.11463124305009842
1758013741001289000,4.2522890625,-0.024959411472082138,-0.00007723167072981596,-0.1075243279337883
1758013741011371000,4.26237109375,-0.00043649208964779973,0.07978484034538269,-0.08507760614156723
1758013741021453800,4.272453857421875,0.012513660825788975,0.10885217785835266,-0.04295838624238968
1758013741031535900,4.282535888671875,0.02695651724934578,0.10369310528039932,-0.00842730700969696
1758013741041619000,4.292618896484375,0.03999455273151398,0.09615796059370041,-0.005270662251859903
1758013741051700700,4.30270068359375,0.032517462968826294,0.09604769945144653,-0.04685352370142937
1758013741061783300,4.312783203125,0.007821970619261265,0.07938936352729797,-0.08720520883798599
1758013741071866400,4.322866455078125,-0.01236159447580576,0.050946272909641266,-0.12329423427581787
1758013741081948200,4.3329482421875,-0.0036754286848008633,0.014812768436968327,-0.11404241621494293
1758013741092030200,4.3430302734375,0.032408807426691055,-0.013758156448602676,-0.042451851069927216
1758013741102113300,4.35311328125,0.08459584414958954,0.0038637141697108746,0.0701332837343216
1758013741112195300,4.3631953125,0.12106277793645859,0.07722234725952148,0.15941442549228668
1758013741122278100,4.373278076171875,0.11746111512184143,0.1766946166753769,0.1799418032169342
1758013741132360200,4.383360107421875,0.09236641228199005,0.2508026659488678,0.12452515214681625
1758013741142442200,4.393442138671875,0.06933753192424774,0.2336234152317047,0.001252750982530415
1758013741152525300,4.403525390625,0.07605801522731781,0.10109598934650421,-0.1377251148223877
1758013741162607000,4.413607177734375,0.07807429879903793,-0.08429064601659775,-0.2711302936077118
1758013741172690200,4.423690185546875,0.059905942529439926,-0.2357155829668045,-0.3574657142162323
1758013741182772200,4.433772216796875,0.054786548018455505,-0.23286014795303345,-0.38502517342567444
1758013741192854300,4.443854248046875,0.04500342905521393,-0.0797337144613266,-0.3652315139770508
